-- MySQL Script generated by MySQL Workbench
-- Mon Jun  7 02:01:15 2021

/* root 계정으로 접속, madang 재미있는과목 생성, madang 계정 생성 */
/* MySQL Workbench에서 초기화면에서 +를 눌러 root connection을 만들어 접속한다. */
DROP DATABASE IF EXISTS  madang;
DROP USER IF EXISTS  madang@localhost;
create user madang@localhost identified WITH mysql_native_password  by 'madang';
create database madang DEFAULT CHARACTER SET utf8;
grant all privileges on madang.* to madang@localhost with grant option;
commit;


-- MySQL Script generated by MySQL Workbench
-- Mon Jun  7 23:03:23 2021
-- Model: New Model    Version: 1.0
-- MySQL Workbench Forward Engineering

SET @OLD_UNIQUE_CHECKS=@@UNIQUE_CHECKS, UNIQUE_CHECKS=0;
SET @OLD_FOREIGN_KEY_CHECKS=@@FOREIGN_KEY_CHECKS, FOREIGN_KEY_CHECKS=0;
SET @OLD_SQL_MODE=@@SQL_MODE, SQL_MODE='ONLY_FULL_GROUP_BY,STRICT_TRANS_TABLES,NO_ZERO_IN_DATE,NO_ZERO_DATE,ERROR_FOR_DIVISION_BY_ZERO,NO_ENGINE_SUBSTITUTION';

-- -----------------------------------------------------
-- Schema madang
-- -----------------------------------------------------

-- -----------------------------------------------------
-- Schema madang
-- -----------------------------------------------------
USE madang ;

-- -----------------------------------------------------
-- Table madang.Professor
-- -----------------------------------------------------
CREATE TABLE IF NOT EXISTS madang.Professor (
  professorNumber INT NOT NULL,
  professorName VARCHAR(45) NULL,
  professorAddress VARCHAR(45) NULL,
  professorPhoneNumber VARCHAR(45) NULL,
  professorEmail VARCHAR(45) NULL,
  PRIMARY KEY (professorNumber))
ENGINE = InnoDB;


-- -----------------------------------------------------
-- Table madang.Major
-- -----------------------------------------------------
CREATE TABLE IF NOT EXISTS madang.Major (
  majorNumber INT NOT NULL,
  majorName VARCHAR(45) NULL,
  majorPhoneNumber VARCHAR(45) NULL,
  majorOfficeInfo VARCHAR(45) NULL,
  majorLeader INT NULL,
  PRIMARY KEY (majorNumber),
  INDEX fk_Major_Professor1_idx (majorLeader ASC) VISIBLE,
  CONSTRAINT fk_Major_Professor1
    FOREIGN KEY (majorLeader)
    REFERENCES madang.Professor (professorNumber)
    ON DELETE NO ACTION
    ON UPDATE NO ACTION)
ENGINE = InnoDB;


-- -----------------------------------------------------
-- Table madang.Student
-- -----------------------------------------------------
CREATE TABLE IF NOT EXISTS madang.Student (
  studentNumber INT NOT NULL,
  studentName VARCHAR(16) NULL,
  studentAddress VARCHAR(128) NULL,
  studentPhoneNumber VARCHAR(45) NULL,
  studentEmail VARCHAR(64) NULL,
  Major_majorNumber INT NOT NULL,
  Major_subMajorNumber INT NULL DEFAULT NULL,
  PRIMARY KEY (studentNumber),
  UNIQUE INDEX studentNumber_UNIQUE (studentNumber ASC) VISIBLE,
  INDEX fk_Student_Major1_idx (Major_majorNumber ASC) VISIBLE,
  INDEX fk_Student_Major2_idx (Major_subMajorNumber ASC) VISIBLE,
  CONSTRAINT fk_Student_Major1
    FOREIGN KEY (Major_majorNumber)
    REFERENCES madang.Major (majorNumber)
    ON DELETE NO ACTION
    ON UPDATE NO ACTION,
  CONSTRAINT fk_Student_Major2
    FOREIGN KEY (Major_subMajorNumber)
    REFERENCES madang.Major (majorNumber)
    ON DELETE NO ACTION
    ON UPDATE NO ACTION)
ENGINE = InnoDB;


-- -----------------------------------------------------
-- Table madang.Course
-- -----------------------------------------------------
CREATE TABLE IF NOT EXISTS madang.Course (
  courseNumber INT NOT NULL,
  courseClassNumber INT NULL,
  courseName VARCHAR(45) NULL,
  courseDay VARCHAR(45) NULL,
  courseTimeNumber INT NULL,
  courseGradeNumber INT NULL,
  courseTimePeriod INT NULL,
  courseClassroomInfo VARCHAR(45) NULL,
  Major_majorNumber INT NOT NULL,
  Professor_professorNumber INT NOT NULL,
  PRIMARY KEY (courseNumber),
  INDEX fk_Course_Major1_idx (Major_majorNumber ASC) VISIBLE,
  INDEX fk_Course_Professor1_idx (Professor_professorNumber ASC) VISIBLE,
  CONSTRAINT fk_Course_Major1
    FOREIGN KEY (Major_majorNumber)
    REFERENCES madang.Major (majorNumber)
    ON DELETE NO ACTION
    ON UPDATE NO ACTION,
  CONSTRAINT fk_Course_Professor1
    FOREIGN KEY (Professor_professorNumber)
    REFERENCES madang.Professor (professorNumber)
    ON DELETE NO ACTION
    ON UPDATE NO ACTION)
ENGINE = InnoDB;


-- -----------------------------------------------------
-- Table madang.CourseHistory
-- -----------------------------------------------------
CREATE TABLE IF NOT EXISTS madang.CourseHistory (
  Student_studentNumber INT NOT NULL,
  Professor_professorNumber INT NOT NULL,
  Course_courseNumber INT NOT NULL,
  attendancePoint INT NULL,
  midtermExamPoint INT NULL,
  finalExamPoint INT NULL,
  etcPoint INT NULL,
  allPoint INT NULL,
  grade VARCHAR(4) NULL,
  univYear INT NULL,
  univSemester INT NULL,
  isPaidTuition TINYINT NULL,
  PRIMARY KEY (Student_studentNumber, Professor_professorNumber, Course_courseNumber),
  INDEX fk_CourseHistory_Student1_idx (Student_studentNumber ASC) VISIBLE,
  INDEX fk_CourseHistory_Professor1_idx (Professor_professorNumber ASC) VISIBLE,
  INDEX fk_CourseHistory_Course1_idx (Course_courseNumber ASC) VISIBLE,
  CONSTRAINT fk_CourseHistory_Student1
    FOREIGN KEY (Student_studentNumber)
    REFERENCES madang.Student (studentNumber)
    ON DELETE NO ACTION
    ON UPDATE NO ACTION,
  CONSTRAINT fk_CourseHistory_Professor1
    FOREIGN KEY (Professor_professorNumber)
    REFERENCES madang.Professor (professorNumber)
    ON DELETE NO ACTION
    ON UPDATE NO ACTION,
  CONSTRAINT fk_CourseHistory_Course1
    FOREIGN KEY (Course_courseNumber)
    REFERENCES madang.Course (courseNumber)
    ON DELETE NO ACTION
    ON UPDATE NO ACTION)
ENGINE = InnoDB;


-- -----------------------------------------------------
-- Table madang.Club
-- -----------------------------------------------------
CREATE TABLE IF NOT EXISTS madang.Club (
  clubNumber INT NOT NULL,
  clubName VARCHAR(128) NULL,
  clubStudentCount INT NULL,
  clubRoomInfo VARCHAR(45) NULL,
  PRIMARY KEY (clubNumber))
ENGINE = InnoDB;


-- -----------------------------------------------------
-- Table madang.TuitionPaymentHistory
-- -----------------------------------------------------
CREATE TABLE IF NOT EXISTS madang.TuitionPaymentHistory (
  Student_studentNumber INT NOT NULL,
  paymentYear INT NULL,
  paymentSemester INT NULL,
  tuitionTotalPrice INT NULL,
  paymentTotalPrice INT NULL,
  lastPaymentDate DATE NULL,
  INDEX fk_TuitionPaymentHistory_Student1_idx (Student_studentNumber ASC) VISIBLE,
  PRIMARY KEY (Student_studentNumber),
  CONSTRAINT fk_TuitionPaymentHistory_Student1
    FOREIGN KEY (Student_studentNumber)
    REFERENCES madang.Student (studentNumber)
    ON DELETE NO ACTION
    ON UPDATE NO ACTION)
ENGINE = InnoDB;


-- -----------------------------------------------------
-- Table madang.Professor_has_Student
-- -----------------------------------------------------
CREATE TABLE IF NOT EXISTS madang.Professor_has_Student (
  Professor_professorNumber INT NOT NULL,
  Student_studentNumber INT NOT NULL,
  univYear INT NULL,
  univSemester INT NULL,
  PRIMARY KEY (Professor_professorNumber, Student_studentNumber),
  INDEX fk_Professor_has_Student_Professor1_idx (Professor_professorNumber ASC) VISIBLE,
  INDEX fk_Professor_has_Student_Student1_idx (Student_studentNumber ASC) VISIBLE,
  CONSTRAINT fk_Professor_has_Student_Professor1
    FOREIGN KEY (Professor_professorNumber)
    REFERENCES madang.Professor (professorNumber)
    ON DELETE NO ACTION
    ON UPDATE NO ACTION,
  CONSTRAINT fk_Professor_has_Student_Student1
    FOREIGN KEY (Student_studentNumber)
    REFERENCES madang.Student (studentNumber)
    ON DELETE NO ACTION
    ON UPDATE NO ACTION)
ENGINE = InnoDB;


-- -----------------------------------------------------
-- Table madang.Club_has_Student
-- -----------------------------------------------------
CREATE TABLE IF NOT EXISTS madang.Club_has_Student (
  Club_clubNumber INT NOT NULL,
  Student_studentNumber INT NOT NULL,
  PRIMARY KEY (Club_clubNumber, Student_studentNumber),
  INDEX fk_Club_has_Student_Student1_idx (Student_studentNumber ASC) VISIBLE,
  INDEX fk_Club_has_Student_Club1_idx (Club_clubNumber ASC) VISIBLE,
  CONSTRAINT fk_Club_has_Student_Student1
    FOREIGN KEY (Student_studentNumber)
    REFERENCES madang.Student (studentNumber)
    ON DELETE NO ACTION
    ON UPDATE NO ACTION,
  CONSTRAINT fk_Club_has_Student_Club1
    FOREIGN KEY (Club_clubNumber)
    REFERENCES madang.Club (clubNumber)
    ON DELETE NO ACTION
    ON UPDATE NO ACTION)
ENGINE = InnoDB;


-- -----------------------------------------------------
-- Table madang.Professor_has_Major
-- -----------------------------------------------------
CREATE TABLE IF NOT EXISTS madang.Professor_has_Major (
  Professor_professorNumber INT NOT NULL,
  Major_majorNumber INT NOT NULL,
  PRIMARY KEY (Professor_professorNumber),
  INDEX fk_Professor_has_Major_Major1_idx (Major_majorNumber ASC) VISIBLE,
  INDEX fk_Professor_has_Major_Professor1_idx (Professor_professorNumber ASC) VISIBLE,
  CONSTRAINT fk_Professor_has_Major_Professor1
    FOREIGN KEY (Professor_professorNumber)
    REFERENCES madang.Professor (professorNumber)
    ON DELETE NO ACTION
    ON UPDATE NO ACTION,
  CONSTRAINT fk_Professor_has_Major_Major1
    FOREIGN KEY (Major_majorNumber)
    REFERENCES madang.Major (majorNumber)
    ON DELETE NO ACTION
    ON UPDATE NO ACTION)
ENGINE = InnoDB;


SET SQL_MODE=@OLD_SQL_MODE;
SET FOREIGN_KEY_CHECKS=@OLD_FOREIGN_KEY_CHECKS;
SET UNIQUE_CHECKS=@OLD_UNIQUE_CHECKS;



INSERT INTO Professor VALUES(1, '김교수1', 'Address', '010-1234-5678', 'test@test.com');
INSERT INTO Professor VALUES(2, '김교수2', 'Address', '010-1234-5678', 'test@test.com');
INSERT INTO Professor VALUES(3, '김교수3', 'Address', '010-1234-5678', 'test@test.com');
INSERT INTO Professor VALUES(4, '김교수4', 'Address', '010-1234-5678', 'test@test.com');
INSERT INTO Professor VALUES(5, '김교수5', 'Address', '010-1234-5678', 'test@test.com');
INSERT INTO Professor VALUES(6, '김교수6', 'Address', '010-1234-5678', 'test@test.com');
INSERT INTO Professor VALUES(7, '김교수7', 'Address', '010-1234-5678', 'test@test.com');
INSERT INTO Professor VALUES(8, '김교수8', 'Address', '010-1234-5678', 'test@test.com');
INSERT INTO Professor VALUES(9, '김교수9', 'Address', '010-1234-5678', 'test@test.com');
INSERT INTO Professor VALUES(10, '김교수10', 'Address', '010-1234-5678', 'test@test.com');
INSERT INTO Professor VALUES(11, '김교수11', 'Address', '010-1234-5678', 'test@test.com');
INSERT INTO Professor VALUES(12, '김교수12', 'Address', '010-1234-5678', 'test@test.com');
INSERT INTO Professor VALUES(13, '김교수13', 'Address', '010-1234-5678', 'test@test.com');
INSERT INTO Professor VALUES(14, '김교수14', 'Address', '010-1234-5678', 'test@test.com');
INSERT INTO Professor VALUES(15, '김교수15', 'Address', '010-1234-5678', 'test@test.com');
INSERT INTO Professor VALUES(16, '김교수16', 'Address', '010-1234-5678', 'test@test.com');
INSERT INTO Professor VALUES(17, '김교수17', 'Address', '010-1234-5678', 'test@test.com');
INSERT INTO Professor VALUES(18, '김교수18', 'Address', '010-1234-5678', 'test@test.com');
INSERT INTO Professor VALUES(19, '김교수19', 'Address', '010-1234-5678', 'test@test.com');
INSERT INTO Professor VALUES(20, '김교수20', 'Address', '010-1234-5678', 'test@test.com');
INSERT INTO Professor VALUES(21, '김교수21', 'Address', '010-1234-5678', 'test@test.com');
INSERT INTO Professor VALUES(22, '김교수22', 'Address', '010-1234-5678', 'test@test.com');
INSERT INTO Professor VALUES(23, '김교수23', 'Address', '010-1234-5678', 'test@test.com');
INSERT INTO Professor VALUES(24, '김교수24', 'Address', '010-1234-5678', 'test@test.com');
INSERT INTO Professor VALUES(25, '김교수25', 'Address', '010-1234-5678', 'test@test.com');
INSERT INTO Professor VALUES(26, '김교수26', 'Address', '010-1234-5678', 'test@test.com');
INSERT INTO Professor VALUES(27, '김교수27', 'Address', '010-1234-5678', 'test@test.com');
INSERT INTO Professor VALUES(28, '김교수28', 'Address', '010-1234-5678', 'test@test.com');
INSERT INTO Professor VALUES(29, '김교수29', 'Address', '010-1234-5678', 'test@test.com');
INSERT INTO Professor VALUES(30, '김교수30', 'Address', '010-1234-5678', 'test@test.com');
INSERT INTO Professor VALUES(31, '김교수31', 'Address', '010-1234-5678', 'test@test.com');
INSERT INTO Professor VALUES(32, '김교수32', 'Address', '010-1234-5678', 'test@test.com');
INSERT INTO Professor VALUES(33, '김교수33', 'Address', '010-1234-5678', 'test@test.com');
INSERT INTO Professor VALUES(34, '김교수34', 'Address', '010-1234-5678', 'test@test.com');
INSERT INTO Professor VALUES(35, '김교수35', 'Address', '010-1234-5678', 'test@test.com');
INSERT INTO Professor VALUES(36, '김교수36', 'Address', '010-1234-5678', 'test@test.com');
INSERT INTO Professor VALUES(37, '김교수37', 'Address', '010-1234-5678', 'test@test.com');
INSERT INTO Professor VALUES(38, '김교수38', 'Address', '010-1234-5678', 'test@test.com');
INSERT INTO Professor VALUES(39, '김교수39', 'Address', '010-1234-5678', 'test@test.com');
INSERT INTO Professor VALUES(40, '김교수40', 'Address', '010-1234-5678', 'test@test.com');
INSERT INTO Professor VALUES(41, '김교수41', 'Address', '010-1234-5678', 'test@test.com');
INSERT INTO Professor VALUES(42, '김교수42', 'Address', '010-1234-5678', 'test@test.com');
INSERT INTO Professor VALUES(43, '김교수43', 'Address', '010-1234-5678', 'test@test.com');
INSERT INTO Professor VALUES(44, '김교수44', 'Address', '010-1234-5678', 'test@test.com');
INSERT INTO Professor VALUES(45, '김교수45', 'Address', '010-1234-5678', 'test@test.com');
INSERT INTO Professor VALUES(46, '김교수46', 'Address', '010-1234-5678', 'test@test.com');
INSERT INTO Professor VALUES(47, '김교수47', 'Address', '010-1234-5678', 'test@test.com');
INSERT INTO Professor VALUES(48, '김교수48', 'Address', '010-1234-5678', 'test@test.com');
INSERT INTO Professor VALUES(49, '김교수49', 'Address', '010-1234-5678', 'test@test.com');
INSERT INTO Professor VALUES(50, '김교수50', 'Address', '010-1234-5678', 'test@test.com');

INSERT INTO Major VALUE(1, '컴퓨터공학과', '02-1234-5678', '센123', 1);
INSERT INTO Major VALUE(2, '소프트웨어학과', '02-1234-5678', '센123', 3);
INSERT INTO Major VALUE(3, '데이터사이언스학과', '02-1234-5678', '센123', 5);
INSERT INTO Major VALUE(4, '정보보호학과', '02-1234-5678', '센123', 7);
INSERT INTO Major VALUE(5, '지능기전공학부', '02-1234-5678', '센123', 9);
INSERT INTO Major VALUE(6, '인공지능학과', '02-1234-5678', '센123', 11);
INSERT INTO Major VALUE(7, '창의소프트학부', '02-1234-5678', '센123', 13);
INSERT INTO Major VALUE(8, '건축공학부', '02-1234-5678', '센123', 15);
INSERT INTO Major VALUE(9, '건설환경공학과', '02-1234-5678', '센123', 17);
INSERT INTO Major VALUE(10, '환경에너지공간융합학과', '02-1234-5678', '센123', 19);
INSERT INTO Major VALUE(11, '지구자원시스템공학과', '02-1234-5678', '센123', 21);
INSERT INTO Major VALUE(12, '기계항공우주공학부', '02-1234-5678', '센123', 23);
INSERT INTO Major VALUE(13, '나노신소재공학과', '02-1234-5678', '센123', 25);
INSERT INTO Major VALUE(14, '양자원자력공학과', '02-1234-5678', '센123', 27);
INSERT INTO Major VALUE(15, '국방시스템공학과', '02-1234-5678', '센123', 29);
INSERT INTO Major VALUE(16, '항공시스템공학과', '02-1234-5678', '센123', 31);
INSERT INTO Major VALUE(17, '국어국문학과', '02-1234-5678', '센123', 33);
INSERT INTO Major VALUE(18, '국제학부', '02-1234-5678', '센123', 35);
INSERT INTO Major VALUE(19, '역사학과', '02-1234-5678', '센123', 37);
INSERT INTO Major VALUE(20, '교육학과', '02-1234-5678', '센123', 39);
INSERT INTO Major VALUE(21, '호텔관광외식경영학부', '02-1234-5678', '센123', 41);
INSERT INTO Major VALUE(22, '호텔외식관광프랜차이즈경영학과', '02-1234-5678', '센123', 43);
INSERT INTO Major VALUE(23, '호텔외식비즈니스학과', '02-1234-5678', '센123', 45);
INSERT INTO Major VALUE(24, '글로벌조리학과', '02-1234-5678', '센123', 47);
INSERT INTO Major VALUE(25, '전자정보통신공학과', '02-1234-5678', '센123', 49);

INSERT Professor_has_Major VALUEs(1, 1);
INSERT Professor_has_Major VALUEs(2, 1);
INSERT Professor_has_Major VALUEs(3, 2);
INSERT Professor_has_Major VALUEs(4, 2);
INSERT Professor_has_Major VALUEs(5, 3);
INSERT Professor_has_Major VALUEs(6, 3);
INSERT Professor_has_Major VALUEs(7, 4);
INSERT Professor_has_Major VALUEs(8, 4);
INSERT Professor_has_Major VALUEs(9, 5);
INSERT Professor_has_Major VALUEs(10, 5);
INSERT Professor_has_Major VALUEs(11, 6);
INSERT Professor_has_Major VALUEs(12, 6);
INSERT Professor_has_Major VALUEs(13, 7);
INSERT Professor_has_Major VALUEs(14, 7);
INSERT Professor_has_Major VALUEs(15, 8);
INSERT Professor_has_Major VALUEs(16, 8);
INSERT Professor_has_Major VALUEs(17, 9);
INSERT Professor_has_Major VALUEs(18, 9);
INSERT Professor_has_Major VALUEs(19, 10);
INSERT Professor_has_Major VALUEs(20, 10);
INSERT Professor_has_Major VALUEs(21, 11);
INSERT Professor_has_Major VALUEs(22, 11);
INSERT Professor_has_Major VALUEs(23, 12);
INSERT Professor_has_Major VALUEs(24, 12);
INSERT Professor_has_Major VALUEs(25, 13);
INSERT Professor_has_Major VALUEs(26, 13);
INSERT Professor_has_Major VALUEs(27, 14);
INSERT Professor_has_Major VALUEs(28, 14);
INSERT Professor_has_Major VALUEs(29, 15);
INSERT Professor_has_Major VALUEs(30, 15);
INSERT Professor_has_Major VALUEs(31, 16);
INSERT Professor_has_Major VALUEs(32, 16);
INSERT Professor_has_Major VALUEs(33, 17);
INSERT Professor_has_Major VALUEs(34, 17);
INSERT Professor_has_Major VALUEs(35, 18);
INSERT Professor_has_Major VALUEs(36, 18);
INSERT Professor_has_Major VALUEs(37, 19);
INSERT Professor_has_Major VALUEs(38, 19);
INSERT Professor_has_Major VALUEs(39, 20);
INSERT Professor_has_Major VALUEs(40, 20);
INSERT Professor_has_Major VALUEs(41, 21);
INSERT Professor_has_Major VALUEs(42, 21);
INSERT Professor_has_Major VALUEs(43, 22);
INSERT Professor_has_Major VALUEs(44, 22);
INSERT Professor_has_Major VALUEs(45, 23);
INSERT Professor_has_Major VALUEs(46, 23);
INSERT Professor_has_Major VALUEs(47, 24);
INSERT Professor_has_Major VALUEs(48, 24);
INSERT Professor_has_Major VALUEs(49, 25);
INSERT Professor_has_Major VALUEs(50, 25);

INSERT INTO Student VALUE(1, '김학생1', 'Address', '010-1234-5678', 'test@test.com', 1, null);
INSERT INTO Student VALUE(2, '김학생2', 'Address', '010-1234-5678', 'test@test.com', 1, null);
INSERT INTO Student VALUE(3, '김학생3', 'Address', '010-1234-5678', 'test@test.com', 1, null);
INSERT INTO Student VALUE(4, '김학생4', 'Address', '010-1234-5678', 'test@test.com', 1, null);
INSERT INTO Student VALUE(5, '김학생5', 'Address', '010-1234-5678', 'test@test.com', 2, null);
INSERT INTO Student VALUE(6, '김학생6', 'Address', '010-1234-5678', 'test@test.com', 2, null);
INSERT INTO Student VALUE(7, '김학생7', 'Address', '010-1234-5678', 'test@test.com', 2, null);
INSERT INTO Student VALUE(8, '김학생8', 'Address', '010-1234-5678', 'test@test.com', 2, null);
INSERT INTO Student VALUE(9, '김학생9', 'Address', '010-1234-5678', 'test@test.com', 3, null);
INSERT INTO Student VALUE(10, '김학생10', 'Address', '010-1234-5678', 'test@test.com', 3, null);
INSERT INTO Student VALUE(11, '김학생11', 'Address', '010-1234-5678', 'test@test.com', 3, null);
INSERT INTO Student VALUE(12, '김학생12', 'Address', '010-1234-5678', 'test@test.com', 3, null);
INSERT INTO Student VALUE(13, '김학생13', 'Address', '010-1234-5678', 'test@test.com', 4, null);
INSERT INTO Student VALUE(14, '김학생14', 'Address', '010-1234-5678', 'test@test.com', 4, null);
INSERT INTO Student VALUE(15, '김학생15', 'Address', '010-1234-5678', 'test@test.com', 4, null);
INSERT INTO Student VALUE(16, '김학생16', 'Address', '010-1234-5678', 'test@test.com', 4, null);
INSERT INTO Student VALUE(17, '김학생17', 'Address', '010-1234-5678', 'test@test.com', 5, null);
INSERT INTO Student VALUE(18, '김학생18', 'Address', '010-1234-5678', 'test@test.com', 5, null);
INSERT INTO Student VALUE(19, '김학생19', 'Address', '010-1234-5678', 'test@test.com', 5, null);
INSERT INTO Student VALUE(20, '김학생20', 'Address', '010-1234-5678', 'test@test.com', 5, null);
INSERT INTO Student VALUE(21, '김학생21', 'Address', '010-1234-5678', 'test@test.com', 6, null);
INSERT INTO Student VALUE(22, '김학생22', 'Address', '010-1234-5678', 'test@test.com', 6, null);
INSERT INTO Student VALUE(23, '김학생23', 'Address', '010-1234-5678', 'test@test.com', 6, null);
INSERT INTO Student VALUE(24, '김학생24', 'Address', '010-1234-5678', 'test@test.com', 6, null);
INSERT INTO Student VALUE(25, '김학생25', 'Address', '010-1234-5678', 'test@test.com', 7, null);
INSERT INTO Student VALUE(26, '김학생26', 'Address', '010-1234-5678', 'test@test.com', 7, null);
INSERT INTO Student VALUE(27, '김학생27', 'Address', '010-1234-5678', 'test@test.com', 7, null);
INSERT INTO Student VALUE(28, '김학생28', 'Address', '010-1234-5678', 'test@test.com', 7, null);
INSERT INTO Student VALUE(29, '김학생29', 'Address', '010-1234-5678', 'test@test.com', 8, null);
INSERT INTO Student VALUE(30, '김학생30', 'Address', '010-1234-5678', 'test@test.com', 8, null);
INSERT INTO Student VALUE(31, '김학생31', 'Address', '010-1234-5678', 'test@test.com', 8, null);
INSERT INTO Student VALUE(32, '김학생32', 'Address', '010-1234-5678', 'test@test.com', 8, null);
INSERT INTO Student VALUE(33, '김학생33', 'Address', '010-1234-5678', 'test@test.com', 9, null);
INSERT INTO Student VALUE(34, '김학생34', 'Address', '010-1234-5678', 'test@test.com', 9, null);
INSERT INTO Student VALUE(35, '김학생35', 'Address', '010-1234-5678', 'test@test.com', 9, null);
INSERT INTO Student VALUE(36, '김학생36', 'Address', '010-1234-5678', 'test@test.com', 9, null);
INSERT INTO Student VALUE(37, '김학생37', 'Address', '010-1234-5678', 'test@test.com', 10, null);
INSERT INTO Student VALUE(38, '김학생38', 'Address', '010-1234-5678', 'test@test.com', 10, null);
INSERT INTO Student VALUE(39, '김학생39', 'Address', '010-1234-5678', 'test@test.com', 10, null);
INSERT INTO Student VALUE(40, '김학생40', 'Address', '010-1234-5678', 'test@test.com', 10, null);
INSERT INTO Student VALUE(41, '김학생41', 'Address', '010-1234-5678', 'test@test.com', 11, null);
INSERT INTO Student VALUE(42, '김학생42', 'Address', '010-1234-5678', 'test@test.com', 11, null);
INSERT INTO Student VALUE(43, '김학생43', 'Address', '010-1234-5678', 'test@test.com', 11, null);
INSERT INTO Student VALUE(44, '김학생44', 'Address', '010-1234-5678', 'test@test.com', 11, null);
INSERT INTO Student VALUE(45, '김학생45', 'Address', '010-1234-5678', 'test@test.com', 12, null);
INSERT INTO Student VALUE(46, '김학생46', 'Address', '010-1234-5678', 'test@test.com', 12, null);
INSERT INTO Student VALUE(47, '김학생47', 'Address', '010-1234-5678', 'test@test.com', 12, null);
INSERT INTO Student VALUE(48, '김학생48', 'Address', '010-1234-5678', 'test@test.com', 12, null);
INSERT INTO Student VALUE(49, '김학생49', 'Address', '010-1234-5678', 'test@test.com', 13, null);
INSERT INTO Student VALUE(50, '김학생50', 'Address', '010-1234-5678', 'test@test.com', 13, null);
INSERT INTO Student VALUE(51, '김학생51', 'Address', '010-1234-5678', 'test@test.com', 13, 1);
INSERT INTO Student VALUE(52, '김학생52', 'Address', '010-1234-5678', 'test@test.com', 13, 1);
INSERT INTO Student VALUE(53, '김학생53', 'Address', '010-1234-5678', 'test@test.com', 14, 2);
INSERT INTO Student VALUE(54, '김학생54', 'Address', '010-1234-5678', 'test@test.com', 14, 2);
INSERT INTO Student VALUE(55, '김학생55', 'Address', '010-1234-5678', 'test@test.com', 14, 3);
INSERT INTO Student VALUE(56, '김학생56', 'Address', '010-1234-5678', 'test@test.com', 14, 3);
INSERT INTO Student VALUE(57, '김학생57', 'Address', '010-1234-5678', 'test@test.com', 15, 4);
INSERT INTO Student VALUE(58, '김학생58', 'Address', '010-1234-5678', 'test@test.com', 15, 4);
INSERT INTO Student VALUE(59, '김학생59', 'Address', '010-1234-5678', 'test@test.com', 15, 5);
INSERT INTO Student VALUE(60, '김학생60', 'Address', '010-1234-5678', 'test@test.com', 15, 5);
INSERT INTO Student VALUE(61, '김학생61', 'Address', '010-1234-5678', 'test@test.com', 16, 6);
INSERT INTO Student VALUE(62, '김학생62', 'Address', '010-1234-5678', 'test@test.com', 16, 6);
INSERT INTO Student VALUE(63, '김학생63', 'Address', '010-1234-5678', 'test@test.com', 16, 7);
INSERT INTO Student VALUE(64, '김학생64', 'Address', '010-1234-5678', 'test@test.com', 16, 7);
INSERT INTO Student VALUE(65, '김학생65', 'Address', '010-1234-5678', 'test@test.com', 17, 8);
INSERT INTO Student VALUE(66, '김학생66', 'Address', '010-1234-5678', 'test@test.com', 17, 8);
INSERT INTO Student VALUE(67, '김학생67', 'Address', '010-1234-5678', 'test@test.com', 17, 9);
INSERT INTO Student VALUE(68, '김학생68', 'Address', '010-1234-5678', 'test@test.com', 17, 9);
INSERT INTO Student VALUE(69, '김학생69', 'Address', '010-1234-5678', 'test@test.com', 18, 10);
INSERT INTO Student VALUE(70, '김학생70', 'Address', '010-1234-5678', 'test@test.com', 18, 10);
INSERT INTO Student VALUE(71, '김학생71', 'Address', '010-1234-5678', 'test@test.com', 18, 11);
INSERT INTO Student VALUE(72, '김학생72', 'Address', '010-1234-5678', 'test@test.com', 18, 11);
INSERT INTO Student VALUE(73, '김학생73', 'Address', '010-1234-5678', 'test@test.com', 19, 12);
INSERT INTO Student VALUE(74, '김학생74', 'Address', '010-1234-5678', 'test@test.com', 19, 12);
INSERT INTO Student VALUE(75, '김학생75', 'Address', '010-1234-5678', 'test@test.com', 19, 13);
INSERT INTO Student VALUE(76, '김학생76', 'Address', '010-1234-5678', 'test@test.com', 19, 13);
INSERT INTO Student VALUE(77, '김학생77', 'Address', '010-1234-5678', 'test@test.com', 20, 14);
INSERT INTO Student VALUE(78, '김학생78', 'Address', '010-1234-5678', 'test@test.com', 20, 14);
INSERT INTO Student VALUE(79, '김학생79', 'Address', '010-1234-5678', 'test@test.com', 20, 15);
INSERT INTO Student VALUE(80, '김학생80', 'Address', '010-1234-5678', 'test@test.com', 20, 15);
INSERT INTO Student VALUE(81, '김학생81', 'Address', '010-1234-5678', 'test@test.com', 21, 16);
INSERT INTO Student VALUE(82, '김학생82', 'Address', '010-1234-5678', 'test@test.com', 21, 16);
INSERT INTO Student VALUE(83, '김학생83', 'Address', '010-1234-5678', 'test@test.com', 21, 17);
INSERT INTO Student VALUE(84, '김학생84', 'Address', '010-1234-5678', 'test@test.com', 21, 17);
INSERT INTO Student VALUE(85, '김학생85', 'Address', '010-1234-5678', 'test@test.com', 22, 18);
INSERT INTO Student VALUE(86, '김학생86', 'Address', '010-1234-5678', 'test@test.com', 22, 18);
INSERT INTO Student VALUE(87, '김학생87', 'Address', '010-1234-5678', 'test@test.com', 22, 19);
INSERT INTO Student VALUE(88, '김학생88', 'Address', '010-1234-5678', 'test@test.com', 22, 19);
INSERT INTO Student VALUE(89, '김학생89', 'Address', '010-1234-5678', 'test@test.com', 23, 20);
INSERT INTO Student VALUE(90, '김학생90', 'Address', '010-1234-5678', 'test@test.com', 23, 20);
INSERT INTO Student VALUE(91, '김학생91', 'Address', '010-1234-5678', 'test@test.com', 23, 21);
INSERT INTO Student VALUE(92, '김학생92', 'Address', '010-1234-5678', 'test@test.com', 23, 21);
INSERT INTO Student VALUE(93, '김학생93', 'Address', '010-1234-5678', 'test@test.com', 24, 22);
INSERT INTO Student VALUE(94, '김학생94', 'Address', '010-1234-5678', 'test@test.com', 24, 22);
INSERT INTO Student VALUE(95, '김학생95', 'Address', '010-1234-5678', 'test@test.com', 24, 23);
INSERT INTO Student VALUE(96, '김학생96', 'Address', '010-1234-5678', 'test@test.com', 24, 23);
INSERT INTO Student VALUE(97, '김학생97', 'Address', '010-1234-5678', 'test@test.com', 25, 24);
INSERT INTO Student VALUE(98, '김학생98', 'Address', '010-1234-5678', 'test@test.com', 25, 24);
INSERT INTO Student VALUE(99, '김학생99', 'Address', '010-1234-5678', 'test@test.com', 25, 24);
INSERT INTO Student VALUE(100, '김학생100', 'Address', '010-1234-5678', 'test@test.com', 25, 24);

INSERT INTO Professor_has_Student VALUE(1, 1, 3, 1);
INSERT INTO Professor_has_Student VALUE(1, 2, 3, 1);
INSERT INTO Professor_has_Student VALUE(2, 3, 3, 1);
INSERT INTO Professor_has_Student VALUE(2, 4, 3, 1);
INSERT INTO Professor_has_Student VALUE(3, 1, 3, 1);
INSERT INTO Professor_has_Student VALUE(3, 2, 3, 1);
INSERT INTO Professor_has_Student VALUE(4, 3, 3, 1);
INSERT INTO Professor_has_Student VALUE(4, 4, 3, 1);
INSERT INTO Professor_has_Student VALUE(5, 1, 3, 1);
INSERT INTO Professor_has_Student VALUE(5, 2, 3, 1);
INSERT INTO Professor_has_Student VALUE(6, 3, 3, 1);
INSERT INTO Professor_has_Student VALUE(6, 4, 3, 1);
INSERT INTO Professor_has_Student VALUE(7, 1, 3, 1);
INSERT INTO Professor_has_Student VALUE(7, 2, 3, 1);
INSERT INTO Professor_has_Student VALUE(8, 3, 3, 1);
INSERT INTO Professor_has_Student VALUE(8, 4, 3, 1);
INSERT INTO Professor_has_Student VALUE(9, 1, 3, 1);
INSERT INTO Professor_has_Student VALUE(9, 2, 3, 1);
INSERT INTO Professor_has_Student VALUE(10, 3, 3, 1);
INSERT INTO Professor_has_Student VALUE(10, 4, 3, 1);
INSERT INTO Professor_has_Student VALUE(11, 1, 3, 1);
INSERT INTO Professor_has_Student VALUE(11, 2, 3, 1);
INSERT INTO Professor_has_Student VALUE(12, 3, 3, 1);
INSERT INTO Professor_has_Student VALUE(12, 4, 3, 1);
INSERT INTO Professor_has_Student VALUE(13, 1, 3, 1);
INSERT INTO Professor_has_Student VALUE(13, 2, 3, 1);
INSERT INTO Professor_has_Student VALUE(14, 3, 3, 1);
INSERT INTO Professor_has_Student VALUE(14, 4, 3, 1);
INSERT INTO Professor_has_Student VALUE(15, 1, 3, 1);
INSERT INTO Professor_has_Student VALUE(15, 2, 3, 1);
INSERT INTO Professor_has_Student VALUE(16, 3, 3, 1);
INSERT INTO Professor_has_Student VALUE(16, 4, 3, 1);
INSERT INTO Professor_has_Student VALUE(17, 1, 3, 1);
INSERT INTO Professor_has_Student VALUE(17, 2, 3, 1);
INSERT INTO Professor_has_Student VALUE(18, 3, 3, 1);
INSERT INTO Professor_has_Student VALUE(18, 4, 3, 1);
INSERT INTO Professor_has_Student VALUE(19, 1, 3, 1);
INSERT INTO Professor_has_Student VALUE(19, 2, 3, 1);
INSERT INTO Professor_has_Student VALUE(20, 3, 3, 1);
INSERT INTO Professor_has_Student VALUE(20, 4, 3, 1);
INSERT INTO Professor_has_Student VALUE(21, 1, 3, 1);
INSERT INTO Professor_has_Student VALUE(21, 2, 3, 1);
INSERT INTO Professor_has_Student VALUE(22, 3, 3, 1);
INSERT INTO Professor_has_Student VALUE(22, 4, 3, 1);
INSERT INTO Professor_has_Student VALUE(23, 1, 3, 1);
INSERT INTO Professor_has_Student VALUE(23, 2, 3, 1);
INSERT INTO Professor_has_Student VALUE(24, 3, 3, 1);
INSERT INTO Professor_has_Student VALUE(24, 4, 3, 1);
INSERT INTO Professor_has_Student VALUE(25, 1, 3, 1);
INSERT INTO Professor_has_Student VALUE(25, 2, 3, 1);
INSERT INTO Professor_has_Student VALUE(26, 3, 3, 1);
INSERT INTO Professor_has_Student VALUE(26, 4, 3, 1);
INSERT INTO Professor_has_Student VALUE(27, 1, 3, 1);
INSERT INTO Professor_has_Student VALUE(27, 2, 3, 1);
INSERT INTO Professor_has_Student VALUE(28, 3, 3, 1);
INSERT INTO Professor_has_Student VALUE(28, 4, 3, 1);
INSERT INTO Professor_has_Student VALUE(29, 1, 3, 1);
INSERT INTO Professor_has_Student VALUE(29, 2, 3, 1);
INSERT INTO Professor_has_Student VALUE(30, 3, 3, 1);
INSERT INTO Professor_has_Student VALUE(30, 4, 3, 1);
INSERT INTO Professor_has_Student VALUE(31, 1, 3, 1);
INSERT INTO Professor_has_Student VALUE(31, 2, 3, 1);
INSERT INTO Professor_has_Student VALUE(32, 3, 3, 1);
INSERT INTO Professor_has_Student VALUE(32, 4, 3, 1);
INSERT INTO Professor_has_Student VALUE(33, 1, 3, 1);
INSERT INTO Professor_has_Student VALUE(33, 2, 3, 1);
INSERT INTO Professor_has_Student VALUE(34, 3, 3, 1);
INSERT INTO Professor_has_Student VALUE(34, 4, 3, 1);
INSERT INTO Professor_has_Student VALUE(35, 1, 3, 1);
INSERT INTO Professor_has_Student VALUE(35, 2, 3, 1);
INSERT INTO Professor_has_Student VALUE(36, 3, 3, 1);
INSERT INTO Professor_has_Student VALUE(36, 4, 3, 1);
INSERT INTO Professor_has_Student VALUE(37, 1, 3, 1);
INSERT INTO Professor_has_Student VALUE(37, 2, 3, 1);
INSERT INTO Professor_has_Student VALUE(38, 3, 3, 1);
INSERT INTO Professor_has_Student VALUE(38, 4, 3, 1);
INSERT INTO Professor_has_Student VALUE(39, 1, 3, 1);
INSERT INTO Professor_has_Student VALUE(39, 2, 3, 1);
INSERT INTO Professor_has_Student VALUE(40, 3, 3, 1);
INSERT INTO Professor_has_Student VALUE(40, 4, 3, 1);
INSERT INTO Professor_has_Student VALUE(41, 1, 3, 1);
INSERT INTO Professor_has_Student VALUE(41, 2, 3, 1);
INSERT INTO Professor_has_Student VALUE(42, 3, 3, 1);
INSERT INTO Professor_has_Student VALUE(42, 4, 3, 1);
INSERT INTO Professor_has_Student VALUE(43, 1, 3, 1);
INSERT INTO Professor_has_Student VALUE(43, 2, 3, 1);
INSERT INTO Professor_has_Student VALUE(44, 3, 3, 1);
INSERT INTO Professor_has_Student VALUE(44, 4, 3, 1);
INSERT INTO Professor_has_Student VALUE(45, 1, 3, 1);
INSERT INTO Professor_has_Student VALUE(45, 2, 3, 1);
INSERT INTO Professor_has_Student VALUE(46, 3, 3, 1);
INSERT INTO Professor_has_Student VALUE(46, 4, 3, 1);
INSERT INTO Professor_has_Student VALUE(47, 1, 3, 1);
INSERT INTO Professor_has_Student VALUE(47, 2, 3, 1);
INSERT INTO Professor_has_Student VALUE(48, 3, 3, 1);
INSERT INTO Professor_has_Student VALUE(48, 4, 3, 1);
INSERT INTO Professor_has_Student VALUE(49, 1, 3, 1);
INSERT INTO Professor_has_Student VALUE(49, 2, 3, 1);
INSERT INTO Professor_has_Student VALUE(50, 3, 3, 1);
INSERT INTO Professor_has_Student VALUE(50, 4, 3, 1);

INSERT INTO Course VALUE(1, 1, '재미있는과목1', '월', 1, 3, 4, '센101', 1, 1);
INSERT INTO Course VALUE(2, 2, '재미있는과목1', '월', 2, 3, 4, '센102', 1, 2);
INSERT INTO Course VALUE(3, 1, '재미있는과목2', '월', 3, 3, 4, '센103', 2, 3);
INSERT INTO Course VALUE(4, 2, '재미있는과목2', '월', 4, 3, 4, '센104', 2, 4);
INSERT INTO Course VALUE(5, 1, '재미있는과목3', '월', 5, 3, 4, '센105', 3, 5);
INSERT INTO Course VALUE(6, 2, '재미있는과목3', '월', 1, 3, 4, '센106', 3, 6);
INSERT INTO Course VALUE(7, 1, '재미있는과목4', '월', 2, 3, 4, '센107', 4, 7);
INSERT INTO Course VALUE(8, 2, '재미있는과목4', '월', 3, 3, 4, '센108', 4, 8);
INSERT INTO Course VALUE(9, 1, '재미있는과목5', '월', 4, 3, 4, '센109', 5, 9);
INSERT INTO Course VALUE(10, 2, '재미있는과목5', '월', 5, 3, 4, '센110', 5, 10);
INSERT INTO Course VALUE(11, 1, '재미있는과목6', '월', 1, 3, 4, '센111', 6, 11);
INSERT INTO Course VALUE(12, 2, '재미있는과목6', '월', 2, 3, 4, '센112', 6, 12);
INSERT INTO Course VALUE(13, 1, '재미있는과목7', '월', 3, 3, 4, '센113', 7, 13);
INSERT INTO Course VALUE(14, 2, '재미있는과목7', '월', 4, 3, 4, '센114', 7, 14);
INSERT INTO Course VALUE(15, 1, '재미있는과목8', '월', 5, 3, 4, '센115', 8, 15);
INSERT INTO Course VALUE(16, 2, '재미있는과목8', '월', 1, 3, 4, '센116', 8, 16);
INSERT INTO Course VALUE(17, 1, '재미있는과목9', '월', 2, 3, 4, '센117', 9, 17);
INSERT INTO Course VALUE(18, 2, '재미있는과목9', '월', 3, 3, 4, '센118', 9, 18);
INSERT INTO Course VALUE(19, 1, '재미있는과목10', '월', 4, 3, 4, '센119', 10, 19);
INSERT INTO Course VALUE(20, 2, '재미있는과목10', '월', 5, 3, 4, '센120', 10, 20);
INSERT INTO Course VALUE(21, 1, '재미있는과목11', '월', 1, 3, 4, '센121', 11, 21);
INSERT INTO Course VALUE(22, 2, '재미있는과목11', '월', 1, 3, 4, '센122', 11, 22);
INSERT INTO Course VALUE(23, 1, '재미있는과목12', '월', 1, 3, 4, '센123', 12, 23);
INSERT INTO Course VALUE(24, 2, '재미있는과목12', '월', 1, 3, 4, '센124', 12, 24);
INSERT INTO Course VALUE(25, 1, '재미있는과목13', '월', 1, 3, 4, '센125', 13, 25);
INSERT INTO Course VALUE(26, 2, '재미있는과목13', '월', 1, 3, 4, '센101', 13, 26);
INSERT INTO Course VALUE(27, 1, '재미있는과목14', '월', 2, 3, 4, '센102', 14, 27);
INSERT INTO Course VALUE(28, 2, '재미있는과목14', '월', 3, 3, 4, '센103', 14, 28);
INSERT INTO Course VALUE(29, 1, '재미있는과목15', '월', 4, 3, 4, '센104', 15, 29);
INSERT INTO Course VALUE(30, 2, '재미있는과목15', '월', 5, 3, 4, '센105', 15, 30);
INSERT INTO Course VALUE(31, 1, '재미있는과목16', '월', 1, 3, 4, '센106', 16, 31);
INSERT INTO Course VALUE(32, 2, '재미있는과목16', '월', 2, 3, 4, '센107', 16, 32);
INSERT INTO Course VALUE(33, 1, '재미있는과목17', '월', 3, 3, 4, '센108', 17, 33);
INSERT INTO Course VALUE(34, 2, '재미있는과목17', '월', 4, 3, 4, '센109', 17, 34);
INSERT INTO Course VALUE(35, 1, '재미있는과목18', '월', 5, 3, 4, '센110', 18, 35);
INSERT INTO Course VALUE(36, 2, '재미있는과목18', '월', 1, 3, 4, '센111', 18, 36);
INSERT INTO Course VALUE(37, 1, '재미있는과목19', '월', 2, 3, 4, '센112', 19, 37);
INSERT INTO Course VALUE(38, 2, '재미있는과목19', '월', 3, 3, 4, '센113', 19, 38);
INSERT INTO Course VALUE(39, 1, '재미있는과목20', '월', 4, 3, 4, '센114', 20, 39);
INSERT INTO Course VALUE(40, 2, '재미있는과목20', '월', 5, 3, 4, '센115', 20, 40);
INSERT INTO Course VALUE(41, 1, '재미있는과목21', '월', 1, 3, 4, '센116', 21, 41);
INSERT INTO Course VALUE(42, 2, '재미있는과목21', '월', 2, 3, 4, '센117', 21, 42);
INSERT INTO Course VALUE(43, 1, '재미있는과목22', '월', 3, 3, 4, '센118', 22, 43);
INSERT INTO Course VALUE(44, 2, '재미있는과목22', '월', 4, 3, 4, '센119', 22, 44);
INSERT INTO Course VALUE(45, 1, '재미있는과목23', '월', 5, 3, 4, '센120', 23, 45);
INSERT INTO Course VALUE(46, 2, '재미있는과목23', '월', 1, 3, 4, '센121', 23, 46);
INSERT INTO Course VALUE(47, 1, '재미있는과목24', '월', 1, 3, 4, '센122', 24, 47);
INSERT INTO Course VALUE(48, 2, '재미있는과목24', '월', 1, 3, 4, '센123', 24, 48);
INSERT INTO Course VALUE(49, 1, '재미있는과목25', '월', 1, 3, 4, '센124', 25, 49);
INSERT INTO Course VALUE(50, 2, '재미있는과목25', '월', 1, 3, 4, '센125', 25, 50);

INSERT INTO TuitionPaymentHistory VALUE(1, 2021, 1, 5000000, 5000000, '2021-02-27');
INSERT INTO TuitionPaymentHistory VALUE(2, 2021, 1, 5000000, 5000000, '2021-02-27');
INSERT INTO TuitionPaymentHistory VALUE(3, 2021, 1, 5000000, 5000000, '2021-02-27');
INSERT INTO TuitionPaymentHistory VALUE(4, 2021, 1, 5000000, 5000000, '2021-02-27');
INSERT INTO TuitionPaymentHistory VALUE(5, 2021, 1, 5000000, 5000000, '2021-02-27');
INSERT INTO TuitionPaymentHistory VALUE(6, 2021, 1, 5000000, 5000000, '2021-02-27');
INSERT INTO TuitionPaymentHistory VALUE(7, 2021, 1, 5000000, 5000000, '2021-02-27');
INSERT INTO TuitionPaymentHistory VALUE(8, 2021, 1, 5000000, 5000000, '2021-02-27');
INSERT INTO TuitionPaymentHistory VALUE(9, 2021, 1, 5000000, 5000000, '2021-02-27');
INSERT INTO TuitionPaymentHistory VALUE(10, 2021, 1, 5000000, 5000000, '2021-02-27');
INSERT INTO TuitionPaymentHistory VALUE(11, 2021, 1, 5000000, 5000000, '2021-02-27');
INSERT INTO TuitionPaymentHistory VALUE(12, 2021, 1, 5000000, 5000000, '2021-02-27');
INSERT INTO TuitionPaymentHistory VALUE(13, 2021, 1, 5000000, 5000000, '2021-02-27');
INSERT INTO TuitionPaymentHistory VALUE(14, 2021, 1, 5000000, 5000000, '2021-02-27');
INSERT INTO TuitionPaymentHistory VALUE(15, 2021, 1, 5000000, 5000000, '2021-02-27');
INSERT INTO TuitionPaymentHistory VALUE(16, 2021, 1, 5000000, 5000000, '2021-02-27');
INSERT INTO TuitionPaymentHistory VALUE(17, 2021, 1, 5000000, 5000000, '2021-02-27');
INSERT INTO TuitionPaymentHistory VALUE(18, 2021, 1, 5000000, 5000000, '2021-02-27');
INSERT INTO TuitionPaymentHistory VALUE(19, 2021, 1, 5000000, 5000000, '2021-02-27');
INSERT INTO TuitionPaymentHistory VALUE(20, 2021, 1, 5000000, 5000000, '2021-02-27');
INSERT INTO TuitionPaymentHistory VALUE(21, 2021, 1, 5000000, 5000000, '2021-02-27');
INSERT INTO TuitionPaymentHistory VALUE(22, 2021, 1, 5000000, 5000000, '2021-02-27');
INSERT INTO TuitionPaymentHistory VALUE(23, 2021, 1, 5000000, 5000000, '2021-02-27');
INSERT INTO TuitionPaymentHistory VALUE(24, 2021, 1, 5000000, 5000000, '2021-02-27');
INSERT INTO TuitionPaymentHistory VALUE(25, 2021, 1, 5000000, 5000000, '2021-02-27');
INSERT INTO TuitionPaymentHistory VALUE(26, 2021, 1, 5000000, 5000000, '2021-02-27');
INSERT INTO TuitionPaymentHistory VALUE(27, 2021, 1, 5000000, 5000000, '2021-02-27');
INSERT INTO TuitionPaymentHistory VALUE(28, 2021, 1, 5000000, 5000000, '2021-02-27');
INSERT INTO TuitionPaymentHistory VALUE(29, 2021, 1, 5000000, 5000000, '2021-02-27');
INSERT INTO TuitionPaymentHistory VALUE(30, 2021, 1, 5000000, 5000000, '2021-02-27');
INSERT INTO TuitionPaymentHistory VALUE(31, 2021, 1, 5000000, 5000000, '2021-02-27');
INSERT INTO TuitionPaymentHistory VALUE(32, 2021, 1, 5000000, 5000000, '2021-02-27');
INSERT INTO TuitionPaymentHistory VALUE(33, 2021, 1, 5000000, 5000000, '2021-02-27');
INSERT INTO TuitionPaymentHistory VALUE(34, 2021, 1, 5000000, 5000000, '2021-02-27');
INSERT INTO TuitionPaymentHistory VALUE(35, 2021, 1, 5000000, 5000000, '2021-02-27');
INSERT INTO TuitionPaymentHistory VALUE(36, 2021, 1, 5000000, 5000000, '2021-02-27');
INSERT INTO TuitionPaymentHistory VALUE(37, 2021, 1, 5000000, 5000000, '2021-02-27');
INSERT INTO TuitionPaymentHistory VALUE(38, 2021, 1, 5000000, 5000000, '2021-02-27');
INSERT INTO TuitionPaymentHistory VALUE(39, 2021, 1, 5000000, 5000000, '2021-02-27');
INSERT INTO TuitionPaymentHistory VALUE(40, 2021, 1, 5000000, 5000000, '2021-02-27');
INSERT INTO TuitionPaymentHistory VALUE(41, 2021, 1, 5000000, 5000000, '2021-02-27');
INSERT INTO TuitionPaymentHistory VALUE(42, 2021, 1, 5000000, 5000000, '2021-02-27');
INSERT INTO TuitionPaymentHistory VALUE(43, 2021, 1, 5000000, 5000000, '2021-02-27');
INSERT INTO TuitionPaymentHistory VALUE(44, 2021, 1, 5000000, 5000000, '2021-02-27');
INSERT INTO TuitionPaymentHistory VALUE(45, 2021, 1, 5000000, 5000000, '2021-02-27');
INSERT INTO TuitionPaymentHistory VALUE(46, 2021, 1, 5000000, 5000000, '2021-02-27');
INSERT INTO TuitionPaymentHistory VALUE(47, 2021, 1, 5000000, 5000000, '2021-02-27');
INSERT INTO TuitionPaymentHistory VALUE(48, 2021, 1, 5000000, 5000000, '2021-02-27');
INSERT INTO TuitionPaymentHistory VALUE(49, 2021, 1, 5000000, 5000000, '2021-02-27');
INSERT INTO TuitionPaymentHistory VALUE(50, 2021, 1, 5000000, 5000000, '2021-02-27');
INSERT INTO TuitionPaymentHistory VALUE(51, 2021, 1, 5000000, 5000000, '2021-02-27');
INSERT INTO TuitionPaymentHistory VALUE(52, 2021, 1, 5000000, 5000000, '2021-02-27');
INSERT INTO TuitionPaymentHistory VALUE(53, 2021, 1, 5000000, 5000000, '2021-02-27');
INSERT INTO TuitionPaymentHistory VALUE(54, 2021, 1, 5000000, 5000000, '2021-02-27');
INSERT INTO TuitionPaymentHistory VALUE(55, 2021, 1, 5000000, 5000000, '2021-02-27');
INSERT INTO TuitionPaymentHistory VALUE(56, 2021, 1, 5000000, 5000000, '2021-02-27');
INSERT INTO TuitionPaymentHistory VALUE(57, 2021, 1, 5000000, 5000000, '2021-02-27');
INSERT INTO TuitionPaymentHistory VALUE(58, 2021, 1, 5000000, 5000000, '2021-02-27');
INSERT INTO TuitionPaymentHistory VALUE(59, 2021, 1, 5000000, 5000000, '2021-02-27');
INSERT INTO TuitionPaymentHistory VALUE(60, 2021, 1, 5000000, 5000000, '2021-02-27');
INSERT INTO TuitionPaymentHistory VALUE(61, 2021, 1, 5000000, 5000000, '2021-02-27');
INSERT INTO TuitionPaymentHistory VALUE(62, 2021, 1, 5000000, 5000000, '2021-02-27');
INSERT INTO TuitionPaymentHistory VALUE(63, 2021, 1, 5000000, 5000000, '2021-02-27');
INSERT INTO TuitionPaymentHistory VALUE(64, 2021, 1, 5000000, 5000000, '2021-02-27');
INSERT INTO TuitionPaymentHistory VALUE(65, 2021, 1, 5000000, 5000000, '2021-02-27');
INSERT INTO TuitionPaymentHistory VALUE(66, 2021, 1, 5000000, 5000000, '2021-02-27');
INSERT INTO TuitionPaymentHistory VALUE(67, 2021, 1, 5000000, 5000000, '2021-02-27');
INSERT INTO TuitionPaymentHistory VALUE(68, 2021, 1, 5000000, 5000000, '2021-02-27');
INSERT INTO TuitionPaymentHistory VALUE(69, 2021, 1, 5000000, 5000000, '2021-02-27');
INSERT INTO TuitionPaymentHistory VALUE(70, 2021, 1, 5000000, 5000000, '2021-02-27');
INSERT INTO TuitionPaymentHistory VALUE(71, 2021, 1, 5000000, 5000000, '2021-02-27');
INSERT INTO TuitionPaymentHistory VALUE(72, 2021, 1, 5000000, 5000000, '2021-02-27');
INSERT INTO TuitionPaymentHistory VALUE(73, 2021, 1, 5000000, 5000000, '2021-02-27');
INSERT INTO TuitionPaymentHistory VALUE(74, 2021, 1, 5000000, 5000000, '2021-02-27');
INSERT INTO TuitionPaymentHistory VALUE(75, 2021, 1, 5000000, 5000000, '2021-02-27');
INSERT INTO TuitionPaymentHistory VALUE(76, 2021, 1, 5000000, 5000000, '2021-02-27');
INSERT INTO TuitionPaymentHistory VALUE(77, 2021, 1, 5000000, 5000000, '2021-02-27');
INSERT INTO TuitionPaymentHistory VALUE(78, 2021, 1, 5000000, 5000000, '2021-02-27');
INSERT INTO TuitionPaymentHistory VALUE(79, 2021, 1, 5000000, 5000000, '2021-02-27');
INSERT INTO TuitionPaymentHistory VALUE(80, 2021, 1, 5000000, 5000000, '2021-02-27');
INSERT INTO TuitionPaymentHistory VALUE(81, 2021, 1, 5000000, 5000000, '2021-02-27');
INSERT INTO TuitionPaymentHistory VALUE(82, 2021, 1, 5000000, 5000000, '2021-02-27');
INSERT INTO TuitionPaymentHistory VALUE(83, 2021, 1, 5000000, 5000000, '2021-02-27');
INSERT INTO TuitionPaymentHistory VALUE(84, 2021, 1, 5000000, 5000000, '2021-02-27');
INSERT INTO TuitionPaymentHistory VALUE(85, 2021, 1, 5000000, 5000000, '2021-02-27');
INSERT INTO TuitionPaymentHistory VALUE(86, 2021, 1, 5000000, 5000000, '2021-02-27');
INSERT INTO TuitionPaymentHistory VALUE(87, 2021, 1, 5000000, 5000000, '2021-02-27');
INSERT INTO TuitionPaymentHistory VALUE(88, 2021, 1, 5000000, 5000000, '2021-02-27');
INSERT INTO TuitionPaymentHistory VALUE(89, 2021, 1, 5000000, 5000000, '2021-02-27');
INSERT INTO TuitionPaymentHistory VALUE(90, 2021, 1, 5000000, 5000000, '2021-02-27');
INSERT INTO TuitionPaymentHistory VALUE(91, 2021, 1, 5000000, 5000000, '2021-02-27');
INSERT INTO TuitionPaymentHistory VALUE(92, 2021, 1, 5000000, 5000000, '2021-02-27');
INSERT INTO TuitionPaymentHistory VALUE(93, 2021, 1, 5000000, 5000000, '2021-02-27');
INSERT INTO TuitionPaymentHistory VALUE(94, 2021, 1, 5000000, 5000000, '2021-02-27');
INSERT INTO TuitionPaymentHistory VALUE(95, 2021, 1, 5000000, 5000000, '2021-02-27');
INSERT INTO TuitionPaymentHistory VALUE(96, 2021, 1, 5000000, 5000000, '2021-02-27');
INSERT INTO TuitionPaymentHistory VALUE(97, 2021, 1, 5000000, 5000000, '2021-02-27');
INSERT INTO TuitionPaymentHistory VALUE(98, 2021, 1, 5000000, 5000000, '2021-02-27');
INSERT INTO TuitionPaymentHistory VALUE(99, 2021, 1, 5000000, 5000000, '2021-02-27');
INSERT INTO TuitionPaymentHistory VALUE(100, 2021, 1, 5000000, 5000000, '2021-02-27');


INSERT INTO CourseHistory VALUE(1, 1, 1, 10, 45, 45, 10, 110, 'A+', 2021, 1, 1);
INSERT INTO CourseHistory VALUE(2, 1, 1, 10, 45, 45, 10, 110, 'A+', 2021, 1, 1);
INSERT INTO CourseHistory VALUE(3, 2, 2, 10, 45, 45, 10, 110, 'A+', 2021, 1, 1);
INSERT INTO CourseHistory VALUE(4, 2, 2, 10, 45, 45, 10, 110, 'A+', 2021, 1, 1);
INSERT INTO CourseHistory VALUE(5, 3, 3, 10, 45, 45, 10, 110, 'A+', 2021, 1, 1);
INSERT INTO CourseHistory VALUE(6, 3, 3, 10, 45, 45, 10, 110, 'A+', 2021, 1, 1);
INSERT INTO CourseHistory VALUE(7, 4, 4, 10, 45, 45, 10, 110, 'A+', 2021, 1, 1);
INSERT INTO CourseHistory VALUE(8, 4, 4, 10, 45, 45, 10, 110, 'A+', 2021, 1, 1);
INSERT INTO CourseHistory VALUE(9, 5, 5, 10, 45, 45, 10, 110, 'A+', 2021, 1, 1);
INSERT INTO CourseHistory VALUE(10, 5, 5, 10, 45, 45, 10, 110, 'A+', 2021, 1, 1);
INSERT INTO CourseHistory VALUE(11, 6, 6, 10, 45, 45, 10, 110, 'A+', 2021, 1, 1);
INSERT INTO CourseHistory VALUE(12, 6, 6, 10, 45, 45, 10, 110, 'A+', 2021, 1, 1);
INSERT INTO CourseHistory VALUE(13, 7, 7, 10, 45, 45, 10, 110, 'A+', 2021, 1, 1);
INSERT INTO CourseHistory VALUE(14, 7, 7, 10, 45, 45, 10, 110, 'A+', 2021, 1, 1);
INSERT INTO CourseHistory VALUE(15, 8, 8, 10, 45, 45, 10, 110, 'A+', 2021, 1, 1);
INSERT INTO CourseHistory VALUE(16, 8, 8, 10, 45, 45, 10, 110, 'A+', 2021, 1, 1);
INSERT INTO CourseHistory VALUE(17, 9, 9, 10, 45, 45, 10, 110, 'A+', 2021, 1, 1);
INSERT INTO CourseHistory VALUE(18, 9, 9, 10, 45, 45, 10, 110, 'A+', 2021, 1, 1);
INSERT INTO CourseHistory VALUE(19, 10, 10, 10, 45, 45, 10, 110, 'A+', 2021, 1, 1);
INSERT INTO CourseHistory VALUE(20, 10, 10, 10, 45, 45, 10, 110, 'A+', 2021, 1, 1);
INSERT INTO CourseHistory VALUE(21, 11, 11, 10, 45, 45, 10, 110, 'A+', 2021, 1, 1);
INSERT INTO CourseHistory VALUE(22, 11, 11, 10, 45, 45, 10, 110, 'A+', 2021, 1, 1);
INSERT INTO CourseHistory VALUE(23, 12, 12, 10, 45, 45, 10, 110, 'A+', 2021, 1, 1);
INSERT INTO CourseHistory VALUE(24, 12, 12, 10, 45, 45, 10, 110, 'A+', 2021, 1, 1);
INSERT INTO CourseHistory VALUE(25, 13, 13, 10, 45, 45, 10, 110, 'A+', 2021, 1, 1);
INSERT INTO CourseHistory VALUE(26, 13, 13, 10, 45, 45, 10, 110, 'A+', 2021, 1, 1);
INSERT INTO CourseHistory VALUE(27, 14, 14, 10, 45, 45, 10, 110, 'A+', 2021, 1, 1);
INSERT INTO CourseHistory VALUE(28, 14, 14, 10, 45, 45, 10, 110, 'A+', 2021, 1, 1);
INSERT INTO CourseHistory VALUE(29, 15, 15, 10, 45, 45, 10, 110, 'A+', 2021, 1, 1);
INSERT INTO CourseHistory VALUE(30, 15, 15, 10, 45, 45, 10, 110, 'A+', 2021, 1, 1);
INSERT INTO CourseHistory VALUE(31, 16, 16, 10, 45, 45, 10, 110, 'A+', 2021, 1, 1);
INSERT INTO CourseHistory VALUE(32, 16, 16, 10, 45, 45, 10, 110, 'A+', 2021, 1, 1);
INSERT INTO CourseHistory VALUE(33, 17, 17, 10, 45, 45, 10, 110, 'A+', 2021, 1, 1);
INSERT INTO CourseHistory VALUE(34, 17, 17, 10, 45, 45, 10, 110, 'A+', 2021, 1, 1);
INSERT INTO CourseHistory VALUE(35, 18, 18, 10, 45, 45, 10, 110, 'A+', 2021, 1, 1);
INSERT INTO CourseHistory VALUE(36, 18, 18, 10, 45, 45, 10, 110, 'A+', 2021, 1, 1);
INSERT INTO CourseHistory VALUE(37, 19, 19, 10, 45, 45, 10, 110, 'A+', 2021, 1, 1);
INSERT INTO CourseHistory VALUE(38, 19, 19, 10, 45, 45, 10, 110, 'A+', 2021, 1, 1);
INSERT INTO CourseHistory VALUE(39, 20, 20, 10, 45, 45, 10, 110, 'A+', 2021, 1, 1);
INSERT INTO CourseHistory VALUE(40, 20, 20, 10, 45, 45, 10, 110, 'A+', 2021, 1, 1);
INSERT INTO CourseHistory VALUE(41, 21, 21, 10, 45, 45, 10, 110, 'A+', 2021, 1, 1);
INSERT INTO CourseHistory VALUE(42, 21, 21, 10, 45, 45, 10, 110, 'A+', 2021, 1, 1);
INSERT INTO CourseHistory VALUE(43, 22, 22, 10, 45, 45, 10, 110, 'A+', 2021, 1, 1);
INSERT INTO CourseHistory VALUE(44, 22, 22, 10, 45, 45, 10, 110, 'A+', 2021, 1, 1);
INSERT INTO CourseHistory VALUE(45, 23, 23, 10, 45, 45, 10, 110, 'A+', 2021, 1, 1);
INSERT INTO CourseHistory VALUE(46, 23, 23, 10, 45, 45, 10, 110, 'A+', 2021, 1, 1);
INSERT INTO CourseHistory VALUE(47, 24, 24, 10, 45, 45, 10, 110, 'A+', 2021, 1, 1);
INSERT INTO CourseHistory VALUE(48, 24, 24, 10, 45, 45, 10, 110, 'A+', 2021, 1, 1);
INSERT INTO CourseHistory VALUE(49, 25, 25, 10, 45, 45, 10, 110, 'A+', 2021, 1, 1);
INSERT INTO CourseHistory VALUE(50, 25, 25, 10, 45, 45, 10, 110, 'A+', 2021, 1, 1);
INSERT INTO CourseHistory VALUE(51, 26, 26, 10, 45, 45, 10, 110, 'A+', 2021, 1, 1);
INSERT INTO CourseHistory VALUE(52, 26, 26, 10, 45, 45, 10, 110, 'A+', 2021, 1, 1);
INSERT INTO CourseHistory VALUE(53, 27, 27, 10, 45, 45, 10, 110, 'A+', 2021, 1, 1);
INSERT INTO CourseHistory VALUE(54, 27, 27, 10, 45, 45, 10, 110, 'A+', 2021, 1, 1);
INSERT INTO CourseHistory VALUE(55, 28, 28, 10, 45, 45, 10, 110, 'A+', 2021, 1, 1);
INSERT INTO CourseHistory VALUE(56, 28, 28, 10, 45, 45, 10, 110, 'A+', 2021, 1, 1);
INSERT INTO CourseHistory VALUE(57, 29, 29, 10, 45, 45, 10, 110, 'A+', 2021, 1, 1);
INSERT INTO CourseHistory VALUE(58, 29, 29, 10, 45, 45, 10, 110, 'A+', 2021, 1, 1);
INSERT INTO CourseHistory VALUE(59, 30, 30, 10, 45, 45, 10, 110, 'A+', 2021, 1, 1);
INSERT INTO CourseHistory VALUE(60, 30, 30, 10, 45, 45, 10, 110, 'A+', 2021, 1, 1);
INSERT INTO CourseHistory VALUE(61, 31, 31, 10, 45, 45, 10, 110, 'A+', 2021, 1, 1);
INSERT INTO CourseHistory VALUE(62, 31, 31, 10, 45, 45, 10, 110, 'A+', 2021, 1, 1);
INSERT INTO CourseHistory VALUE(63, 32, 32, 10, 45, 45, 10, 110, 'A+', 2021, 1, 1);
INSERT INTO CourseHistory VALUE(64, 32, 32, 10, 45, 45, 10, 110, 'A+', 2021, 1, 1);
INSERT INTO CourseHistory VALUE(65, 33, 33, 10, 45, 45, 10, 110, 'A+', 2021, 1, 1);
INSERT INTO CourseHistory VALUE(66, 33, 33, 10, 45, 45, 10, 110, 'A+', 2021, 1, 1);
INSERT INTO CourseHistory VALUE(67, 34, 34, 10, 45, 45, 10, 110, 'A+', 2021, 1, 1);
INSERT INTO CourseHistory VALUE(68, 34, 34, 10, 45, 45, 10, 110, 'A+', 2021, 1, 1);
INSERT INTO CourseHistory VALUE(69, 35, 35, 10, 45, 45, 10, 110, 'A+', 2021, 1, 1);
INSERT INTO CourseHistory VALUE(70, 35, 35, 10, 45, 45, 10, 110, 'A+', 2021, 1, 1);
INSERT INTO CourseHistory VALUE(71, 36, 36, 10, 45, 45, 10, 110, 'A+', 2021, 1, 1);
INSERT INTO CourseHistory VALUE(72, 36, 36, 10, 45, 45, 10, 110, 'A+', 2021, 1, 1);
INSERT INTO CourseHistory VALUE(73, 37, 37, 10, 45, 45, 10, 110, 'A+', 2021, 1, 1);
INSERT INTO CourseHistory VALUE(74, 37, 37, 10, 45, 45, 10, 110, 'A+', 2021, 1, 1);
INSERT INTO CourseHistory VALUE(75, 38, 38, 10, 45, 45, 10, 110, 'A+', 2021, 1, 1);
INSERT INTO CourseHistory VALUE(76, 38, 38, 10, 45, 45, 10, 110, 'A+', 2021, 1, 1);
INSERT INTO CourseHistory VALUE(77, 39, 39, 10, 45, 45, 10, 110, 'A+', 2021, 1, 1);
INSERT INTO CourseHistory VALUE(78, 39, 39, 10, 45, 45, 10, 110, 'A+', 2021, 1, 1);
INSERT INTO CourseHistory VALUE(79, 40, 40, 10, 45, 45, 10, 110, 'A+', 2021, 1, 1);
INSERT INTO CourseHistory VALUE(80, 40, 40, 10, 45, 45, 10, 110, 'A+', 2021, 1, 1);
INSERT INTO CourseHistory VALUE(81, 41, 41, 10, 45, 45, 10, 110, 'A+', 2021, 1, 1);
INSERT INTO CourseHistory VALUE(82, 41, 41, 10, 45, 45, 10, 110, 'A+', 2021, 1, 1);
INSERT INTO CourseHistory VALUE(83, 42, 42, 10, 45, 45, 10, 110, 'A+', 2021, 1, 1);
INSERT INTO CourseHistory VALUE(84, 42, 42, 10, 45, 45, 10, 110, 'A+', 2021, 1, 1);
INSERT INTO CourseHistory VALUE(85, 43, 43, 10, 45, 45, 10, 110, 'A+', 2021, 1, 1);
INSERT INTO CourseHistory VALUE(86, 43, 43, 10, 45, 45, 10, 110, 'A+', 2021, 1, 1);
INSERT INTO CourseHistory VALUE(87, 44, 44, 10, 45, 45, 10, 110, 'A+', 2021, 1, 1);
INSERT INTO CourseHistory VALUE(88, 44, 44, 10, 45, 45, 10, 110, 'A+', 2021, 1, 1);
INSERT INTO CourseHistory VALUE(89, 45, 45, 10, 45, 45, 10, 110, 'A+', 2021, 1, 1);
INSERT INTO CourseHistory VALUE(90, 45, 45, 10, 45, 45, 10, 110, 'A+', 2021, 1, 1);
INSERT INTO CourseHistory VALUE(91, 46, 46, 10, 45, 45, 10, 110, 'A+', 2021, 1, 1);
INSERT INTO CourseHistory VALUE(92, 46, 46, 10, 45, 45, 10, 110, 'A+', 2021, 1, 1);
INSERT INTO CourseHistory VALUE(93, 47, 47, 10, 45, 45, 10, 110, 'A+', 2021, 1, 1);
INSERT INTO CourseHistory VALUE(94, 47, 47, 10, 45, 45, 10, 110, 'A+', 2021, 1, 1);
INSERT INTO CourseHistory VALUE(95, 48, 48, 10, 45, 45, 10, 110, 'A+', 2021, 1, 1);
INSERT INTO CourseHistory VALUE(96, 48, 48, 10, 45, 45, 10, 110, 'A+', 2021, 1, 1);
INSERT INTO CourseHistory VALUE(97, 49, 49, 10, 45, 45, 10, 110, 'A+', 2021, 1, 1);
INSERT INTO CourseHistory VALUE(98, 49, 49, 10, 45, 45, 10, 110, 'A+', 2021, 1, 1);
INSERT INTO CourseHistory VALUE(99, 50, 50, 10, 45, 45, 10, 110, 'A+', 2021, 1, 1);
INSERT INTO CourseHistory VALUE(100, 50, 50, 10, 45, 45, 10, 110, 'A+', 2021, 1, 1);


INSERT INTO Club VALUE(1, '동아리1', 5, '광101');
INSERT INTO Club VALUE(2, '동아리2', 5, '광102');
INSERT INTO Club VALUE(3, '동아리3', 5, '광103');
INSERT INTO Club VALUE(4, '동아리4', 5, '광104');
INSERT INTO Club VALUE(5, '동아리5', 5, '광105');
INSERT INTO Club VALUE(6, '동아리6', 5, '광106');
INSERT INTO Club VALUE(7, '동아리7', 5, '광107');
INSERT INTO Club VALUE(8, '동아리8', 5, '광108');
INSERT INTO Club VALUE(9, '동아리9', 5, '광109');
INSERT INTO Club VALUE(10, '동아리10', 5, '광110');
INSERT INTO Club VALUE(11, '동아리11', 5, '광111');
INSERT INTO Club VALUE(12, '동아리12', 5, '광112');
INSERT INTO Club VALUE(13, '동아리13', 5, '광113');
INSERT INTO Club VALUE(14, '동아리14', 5, '광114');
INSERT INTO Club VALUE(15, '동아리15', 5, '광115');
INSERT INTO Club VALUE(16, '동아리16', 5, '광116');
INSERT INTO Club VALUE(17, '동아리17', 5, '광117');
INSERT INTO Club VALUE(18, '동아리18', 5, '광118');
INSERT INTO Club VALUE(19, '동아리19', 5, '광119');
INSERT INTO Club VALUE(20, '동아리20', 5, '광120');
INSERT INTO Club VALUE(21, '동아리21', 5, '광121');
INSERT INTO Club VALUE(22, '동아리22', 5, '광122');
INSERT INTO Club VALUE(23, '동아리23', 5, '광123');
INSERT INTO Club VALUE(24, '동아리24', 5, '광124');
INSERT INTO Club VALUE(25, '동아리25', 5, '광125');

INSERT INTO Club_has_Student VALUE(1, 1);
INSERT INTO Club_has_Student VALUE(2, 2);
INSERT INTO Club_has_Student VALUE(3, 3);
INSERT INTO Club_has_Student VALUE(4, 4);
INSERT INTO Club_has_Student VALUE(5, 5);
INSERT INTO Club_has_Student VALUE(6, 6);
INSERT INTO Club_has_Student VALUE(7, 7);
INSERT INTO Club_has_Student VALUE(8, 8);
INSERT INTO Club_has_Student VALUE(9, 9);
INSERT INTO Club_has_Student VALUE(10, 10);
INSERT INTO Club_has_Student VALUE(11, 11);
INSERT INTO Club_has_Student VALUE(12, 12);
INSERT INTO Club_has_Student VALUE(13, 13);
INSERT INTO Club_has_Student VALUE(14, 14);
INSERT INTO Club_has_Student VALUE(15, 15);
INSERT INTO Club_has_Student VALUE(16, 16);
INSERT INTO Club_has_Student VALUE(17, 17);
INSERT INTO Club_has_Student VALUE(18, 18);
INSERT INTO Club_has_Student VALUE(19, 19);
INSERT INTO Club_has_Student VALUE(20, 20);
INSERT INTO Club_has_Student VALUE(21, 21);
INSERT INTO Club_has_Student VALUE(22, 22);
INSERT INTO Club_has_Student VALUE(23, 23);
INSERT INTO Club_has_Student VALUE(24, 24);
INSERT INTO Club_has_Student VALUE(25, 25);